{"cameraMode":{"drawMode":0,"name":"Shaded","section":"Shading Mode"},"sceneLighting":false,"audioPlay":false,"sceneViewState":{"showFog":true,"showMaterialUpdate":false,"showSkybox":false,"showFlares":true,"showImageEffects":true,"showParticleSystems":true,"showVisualEffectGraphs":true,"m_FxEnabled":true},"in2DMode":false,"pivot":{"x":0.9013335704803467,"y":-6.735421180725098,"z":18.86825942993164},"rotation":{"x":0.26703521609306338,"y":0.004866770934313536,"z":-0.0013503053924068809,"w":0.9637050628662109},"size":12.12435531616211,"orthographic":false}