{"cameraMode":{"drawMode":0,"name":"Shaded","section":"Shading Mode"},"sceneLighting":false,"audioPlay":false,"sceneViewState":{"showFog":true,"showMaterialUpdate":false,"showSkybox":false,"showFlares":true,"showImageEffects":true,"showParticleSystems":true,"showVisualEffectGraphs":true,"m_FxEnabled":true},"in2DMode":false,"pivot":{"x":-0.8787804245948792,"y":-1.2062029838562012,"z":5.593027114868164},"rotation":{"x":-0.19818367063999177,"y":-0.003245980478823185,"z":0.0006326927104964852,"w":-0.9801878929138184},"size":10.712438583374024,"orthographic":false}