{"cameraMode":{"drawMode":0,"name":"Shaded","section":"Shading Mode"},"sceneLighting":true,"audioPlay":false,"sceneViewState":{"showFog":true,"showMaterialUpdate":false,"showSkybox":false,"showFlares":true,"showImageEffects":true,"showParticleSystems":true,"showVisualEffectGraphs":true,"m_FxEnabled":true},"in2DMode":false,"pivot":{"x":5.233762264251709,"y":0.05282904952764511,"z":-6.33875846862793},"rotation":{"x":-0.001833409653045237,"y":-0.9517198204994202,"z":0.0057135880924761299,"w":-0.3069501519203186},"size":4.725782871246338,"orthographic":false}