{"cameraMode":{"drawMode":0,"name":"Shaded","section":"Shading Mode"},"sceneLighting":true,"audioPlay":false,"sceneViewState":{"showFog":true,"showMaterialUpdate":false,"showSkybox":false,"showFlares":true,"showImageEffects":true,"showParticleSystems":true,"showVisualEffectGraphs":true,"m_FxEnabled":true},"in2DMode":false,"pivot":{"x":1.0174657106399537,"y":-0.09629207849502564,"z":0.7420361042022705},"rotation":{"x":-0.11807174980640412,"y":-0.5960143208503723,"z":0.08916353434324265,"w":-0.7892362475395203},"size":1.2298285961151124,"orthographic":false}