{"cameraMode":{"drawMode":0,"name":"Shaded","section":"Shading Mode"},"sceneLighting":false,"audioPlay":false,"sceneViewState":{"showFog":true,"showMaterialUpdate":false,"showSkybox":false,"showFlares":true,"showImageEffects":true,"showParticleSystems":true,"showVisualEffectGraphs":true,"m_FxEnabled":true},"in2DMode":false,"pivot":{"x":-1.1808104515075684,"y":0.21093523502349854,"z":-0.2604611814022064},"rotation":{"x":0.03030911460518837,"y":0.02485324628651142,"z":-0.0005894398200325668,"w":0.9994574785232544},"size":2.4073948860168459,"orthographic":false}