{"cameraMode":{"drawMode":0,"name":"Shaded","section":"Shading Mode"},"sceneLighting":false,"audioPlay":false,"sceneViewState":{"showFog":true,"showMaterialUpdate":false,"showSkybox":false,"showFlares":true,"showImageEffects":true,"showParticleSystems":true,"showVisualEffectGraphs":true,"m_FxEnabled":true},"in2DMode":false,"pivot":{"x":3.7375335693359377,"y":-2.8419876098632814,"z":50.56260681152344},"rotation":{"x":0.08274257928133011,"y":0.007503412663936615,"z":-0.00012514457921497524,"w":0.9968233108520508},"size":27.50884246826172,"orthographic":false}